,출원번호,출원일,등록번호,등록일
0,17/986301,2022-11-14, , 
1,17/895479,2022-08-25, , 
2,17/510062,2021-10-25, , 
3,17/902801,2022-09-03, , 
4,17/902286,2022-09-02, , 
5,17/722128,2022-04-15, , 
6,17/900983,2022-09-01, , 
7,17/471057,2021-09-09, , 
8,17/468963,2021-09-08, , 
9,17/447230,2021-09-09, , 
10,17/465989,2021-09-03, , 
11,17/447000,2021-09-07, , 
12,17/470451,2021-09-09, , 
13,17/822205,2022-08-25, , 
14,17/466545,2021-09-03, , 
15,17/447077,2021-09-08, , 
16,17/022956,2020-09-16,11597395,2023-03-07
17,17/657479,2022-03-31,11599148,2023-03-07
18,16/276894,2019-02-15,11599688,2023-03-07
19,16/824804,2020-03-20,11599717,2023-03-07
20,17/121683,2020-12-14,11600039,2023-03-07
21,17/221153,2021-04-02,11600050,2023-03-07
22,17/657234,2022-03-30,11601580,2023-03-07
23,17/477303,2021-09-16,11601883,2023-03-07
24,17/446498,2021-08-31, , 
25,17/896451,2022-08-26, , 
26,17/412649,2021-08-26, , 
27,17/412113,2021-08-25, , 
28,17/464539,2021-09-01, , 
29,17/462637,2021-08-31, , 
30,17/460494,2021-08-30, , 
31,17/893318,2022-08-23, , 
32,17/412049,2021-08-25, , 
33,17/465598,2021-09-02, , 
34,17/462018,2021-08-31, , 
35,17/818784,2022-08-10, , 
36,17/722144,2022-04-15, , 
37,17/459586,2021-08-27, , 
38,17/821981,2022-08-24, , 
39,17/898153,2022-08-29, , 
40,17/463914,2021-09-01, , 
41,17/411130,2021-08-25, , 
42,17/897401,2022-08-29, , 
43,17/711767,2022-04-01,11592871,2023-02-28
44,17/711867,2022-04-01,11592872,2023-02-28
45,17/272650,2019-10-15,11593097,2023-02-28
46,16/863802,2020-04-30,11593869,2023-02-28
47,17/557273,2021-12-21,11593982,2023-02-28
48,17/472924,2021-09-13,11595269,2023-02-28
49,17/380372,2021-07-20,11595271,2023-02-28
50,15/978365,2018-05-14,11595637,2023-02-28
51,17/887240,2022-08-12, , 
52,17/816237,2022-07-29, , 
53,17/407467,2021-08-20, , 
54,17/893929,2022-08-23, , 
55,17/893073,2022-08-22, , 
56,17/404325,2021-08-17, , 
57,17/975227,2022-10-27, , 
58,17/405387,2021-08-18, , 
59,17/408382,2021-08-21, , 
60,17/104041,2020-11-25,11584546,2023-02-21
61,16/819570,2020-03-16,11586184,2023-02-21
62,17/385055,2021-07-26,11586336,2023-02-21
63,16/446205,2019-06-19,11586942,2023-02-21
64,17/647154,2022-01-05,11587297,2023-02-21
65,17/657968,2022-04-05,11588897,2023-02-21
66,17/044562,2019-04-16,11588917,2023-02-21
67,17/399633,2021-08-11, , 
68,17/796928,2021-02-03, , 
69,17/398991,2021-08-10, , 
70,17/880115,2022-08-03, , 
71,17/466116,2021-09-03, , 
72,17/733308,2022-04-29, , 
73,17/767618,2020-09-29, , 
74,17/444138,2021-07-30, , 
75,17/980269,2022-11-03, , 
76,17/444875,2021-08-11, , 
77,17/403795,2021-08-16, , 
78,17/748626,2022-05-19, , 
79,17/828558,2022-05-31, , 
80,17/796798,2021-01-29, , 
81,17/402294,2021-08-13, , 
82,16/853333,2020-04-20,11577161,2023-02-14
83,17/524265,2021-11-11,11577625,2023-02-14
84,17/551230,2021-12-15,11577834,2023-02-14
85,16/198801,2018-11-22,11577933,2023-02-14
86,16/990972,2020-08-11,11579592,2023-02-14
87,17/224709,2021-04-07,11580672,2023-02-14
88,17/712355,2022-04-04,11580711,2023-02-14
89,16/889489,2020-06-01,11582288,2023-02-14
90,17/713387,2022-04-05,11582312,2023-02-14
91,17/444474,2021-08-04, , 
92,17/964681,2022-10-12, , 
93,17/917837,2021-05-07, , 
94,17/734113,2022-05-02, , 
95,17/394646,2021-08-05, , 
96,17/938860,2022-10-07, , 
97,17/972002,2022-10-24, , 
98,17/733043,2022-04-29, , 
99,17/873413,2022-07-26, , 
100,17/911947,2021-03-10, , 
101,17/868312,2022-07-19, , 
102,16/615982,2019-06-07,11572777,2023-02-07
103,17/362402,2021-06-29,11573686,2023-02-07
104,17/141671,2021-01-05,11573874,2023-02-07
105,17/079479,2020-10-25,11574435,2023-02-07
106,17/657788,2022-04-04,11574451,2023-02-07
107,17/711889,2022-04-01,11574452,2023-02-07
108,17/658745,2022-04-11,11574455,2023-02-07
109,17/962977,2022-10-10, , 
110,17/868668,2022-07-19, , 
111,17/389184,2021-07-29, , 
112,17/958673,2022-10-03, , 
113,17/839878,2022-06-14, , 
114,17/867580,2022-07-18, , 
115,17/742325,2022-05-11, , 
116,17/525291,2021-11-12, , 
117,17/392156,2021-08-02, , 
118,17/387072,2021-07-28, , 
119,16/901205,2020-06-15,11567481,2023-01-31
120,17/638622,2020-08-04,11567489,2023-01-31
121,17/708699,2022-03-30,11567535,2023-01-31
122,16/947373,2020-07-30,11567563,2023-01-31
123,16/577352,2019-09-20,11567573,2023-01-31
124,17/046412,2019-04-10,11567823,2023-01-31
125,17/248457,2021-01-26,11568104,2023-01-31
126,17/015524,2020-09-09,11568110,2023-01-31
127,17/386863,2021-07-28,11570419,2023-01-31
128,17/453741,2021-11-05, , 
129,17/814045,2022-07-21, , 
130,17/758194,2020-12-29, , 
131,17/380759,2021-07-20, , 
132,17/813257,2022-07-18, , 
133,17/745102,2022-05-16, , 
134,17/813564,2022-07-19, , 
135,17/804308,2022-05-27, , 
136,17/785103,2020-12-17, , 
137,17/867895,2022-07-19, , 
138,17/710091,2022-03-31,11561579,2023-01-24
139,17/144310,2021-01-08,11561669,2023-01-24
140,16/849765,2020-04-15,11562112,2023-01-24
141,16/849892,2020-04-15,11562113,2023-01-24
142,16/352476,2019-03-13,11562227,2023-01-24
143,16/891161,2020-06-03,11562818,2023-01-24
144,17/086322,2020-10-30,11563813,2023-01-24
145,16/886560,2020-05-28,11564116,2023-01-24
146,17/949599,2022-09-21, , 
147,17/377122,2021-07-15, , 
148,17/377020,2021-07-15, , 
149,17/940435,2022-09-08, , 
150,17/377570,2021-07-16, , 
151,17/947669,2022-09-19, , 
152,17/950424,2022-09-22, , 
153,17/947009,2022-09-16, , 
154,17/812809,2022-07-15, , 
155,17/947039,2022-09-16, , 
156,17/953790,2022-09-27, , 
157,17/377152,2021-07-15, , 
158,17/784400,2020-12-07, , 
159,17/778775,2019-11-26, , 
160,17/811843,2022-07-11, , 
161,17/372251,2021-07-09,11556105,2023-01-17
162,16/327225,2017-07-04,11556118,2023-01-17
163,17/400348,2021-08-12,11556449,2023-01-17
164,16/937114,2020-07-23,11556961,2023-01-17
165,16/597794,2019-10-09,11557060,2023-01-17
166,17/132675,2020-12-23,11558306,2023-01-17
167,17/842482,2022-06-16, , 
168,17/848319,2022-06-23, , 
169,17/858152,2022-07-06, , 
170,17/859830,2022-07-07, , 
171,17/727512,2022-04-22, , 
172,17/932393,2022-09-15, , 
173,17/662750,2022-05-10, , 
174,16/696543,2019-11-26,11550310,2023-01-10
175,16/945628,2020-07-31,11550446,2023-01-10
176,17/120680,2020-12-14,11551242,2023-01-10
177,16/663672,2019-10-25,11551376,2023-01-10
178,17/463963,2021-09-01,11551407,2023-01-10
179,17/086307,2020-10-30,11551421,2023-01-10
180,17/468789,2021-09-08, , 
181,17/939622,2022-09-07, , 
182,17/772685,2019-10-30, , 
183,17/856167,2022-07-01, , 
184,17/364822,2021-06-30, , 
185,17/663264,2022-05-13, , 
186,17/898887,2022-08-30, , 
187,17/305075,2021-06-30, , 
188,17/944796,2022-09-14, , 
189,17/931529,2022-09-12, , 
190,17/931753,2022-09-13, , 
191,17/853224,2022-06-29, , 
192,17/726747,2022-04-22,11543885,2023-01-03
193,16/656374,2019-10-17,11544282,2023-01-03
194,17/086303,2020-10-30,11544343,2023-01-03
195,17/086297,2020-10-30,11544904,2023-01-03
196,17/175353,2021-02-12,11544911,2023-01-03
197,17/086319,2020-10-30,11546437,2023-01-03
198,17/939613,2022-09-07, , 
199,17/793301,2021-01-04, , 
200,17/361667,2021-06-29, , 
201,17/853745,2022-06-29, , 
202,17/822729,2022-08-26, , 
203,17/357823,2021-06-24, , 
204,17/357298,2021-06-24, , 
205,17/847414,2022-06-23, , 
206,17/897741,2022-08-29, , 
207,17/360377,2021-06-28, , 
208,17/505311,2021-10-19, , 
209,17/741979,2022-05-11, , 
210,17/355968,2021-06-23, , 
211,17/848552,2022-06-24, , 
212,17/845428,2022-06-21, , 
213,17/438214,2021-06-25, , 
214,17/304816,2021-06-25, , 
215,17/352105,2021-06-18, , 
216,17/777950,2020-11-10, , 
217,17/277869,2020-12-22, , 
218,17/277941,2020-12-22, , 
219,17/352920,2021-06-21, , 
220,17/353080,2021-06-21, , 
221,17/487609,2021-09-28, , 
222,17/487858,2021-09-28, , 
223,17/354917,2021-06-22, , 
224,17/843479,2022-06-17, , 
225,17/821451,2022-08-22, , 
226,17/500817,2021-10-13, , 
227,17/348916,2021-06-16, , 
228,17/353286,2021-06-21, , 
229,16/843261,2020-04-08,11529105,2022-12-20
230,16/232367,2018-12-26,11531901,2022-12-20
231,16/232437,2018-12-26,11531970,2022-12-20
232,17/180453,2021-02-19,11532124,2022-12-20
233,17/323775,2021-05-18,11532139,2022-12-20
234,17/239794,2021-04-26,11533192,2022-12-20
235,16/609427,2017-05-05,11533251,2022-12-20
236,17/320199,2021-05-13,11533351,2022-12-20
237,17/836202,2022-06-09, , 
238,17/852186,2022-06-28, , 
239,17/838521,2022-06-13, , 
240,17/670050,2022-02-11, , 
241,17/748250,2022-05-19, , 
242,17/762717,2020-09-22, , 
243,17/173465,2021-02-11,11526335,2022-12-13
244,16/658318,2019-10-21,11526638,2022-12-13
245,17/161250,2021-01-28,11527051,2022-12-13
246,16/854743,2020-04-21,11527171,2022-12-13
247,17/778313,2020-11-11, , 
248,17/755988,2020-11-02, , 
249,17/806055,2022-06-08, , 
250,17/806056,2022-06-08, , 
251,17/824300,2022-05-25, , 
252,17/827132,2022-05-27, , 
253,17/827390,2022-05-27, , 
254,17/340170,2021-06-07, , 
255,17/805151,2022-06-02, , 
256,17/303555,2021-06-02, , 
257,17/774515,2020-11-11, , 
258,17/085456,2020-10-30,11520326,2022-12-06
259,16/949753,2020-11-12,11520571,2022-12-06
260,16/255073,2019-01-23,11520881,2022-12-06
261,17/034844,2020-09-28,11521026,2022-12-06
262,17/184585,2021-02-24,11521359,2022-12-06
263,17/027984,2020-09-22,11522414,2022-12-06
264,17/067244,2020-10-09,11522903,2022-12-06
265,17/128976,2020-12-21,11523095,2022-12-06
266,17/316132,2021-05-10,11523460,2022-12-06
267,17/833756,2022-06-06, , 
268,17/827280,2022-05-27, , 
269,17/336106,2021-06-01, , 
270,17/824624,2022-05-25, , 
271,17/750960,2022-05-23, , 
272,17/332656,2021-05-27, , 
273,17/303234,2021-05-25, , 
274,17/824941,2022-05-26, , 
275,17/827141,2022-05-27, , 
276,17/333215,2021-05-28, , 
277,17/817431,2022-08-04, , 
278,17/816756,2022-08-02, , 
279,17/816470,2022-08-01, , 
280,17/817424,2022-08-04, , 
281,17/827394,2022-05-27, , 
282,17/826611,2022-05-27, , 
283,17/818519,2022-08-09, , 
284,17/332813,2021-05-27, , 
285,17/818978,2022-08-11, , 
286,16/869757,2020-05-08,11510750,2022-11-29
287,16/805667,2020-02-28,11511199,2022-11-29
288,17/328270,2021-05-24,11513485,2022-11-29
289,17/063150,2020-10-05,11513672,2022-11-29
290,17/190758,2021-03-03,11514641,2022-11-29
291,17/561961,2021-12-26,11514655,2022-11-29
292,17/657771,2022-04-04,11514656,2022-11-29
293,17/468422,2021-09-07,11516068,2022-11-29
294,17/710189,2022-03-31,11516297,2022-11-29
295,17/845960,2022-06-21, , 
296,17/713664,2022-04-05, , 
297,17/664356,2022-05-20, , 
298,17/767271,2020-10-09, , 
299,17/753779,2020-10-09, , 
300,17/619915,2020-06-16, , 
301,17/324500,2021-05-19, , 
302,17/751543,2022-05-23, , 
303,17/879466,2022-08-02, , 
304,17/713039,2022-04-04, , 
305,17/386396,2021-07-27,11507072,2022-11-22
306,17/455922,2021-11-22,11508117,2022-11-22
307,17/700622,2022-03-22, , 
308,17/770598,2019-11-06, , 
309,17/321004,2021-05-14, , 
310,17/737847,2022-05-05, , 
311,17/658386,2022-04-07, , 
312,17/826037,2022-05-26, , 
313,17/735008,2022-05-02, , 
314,17/860620,2022-07-08, , 
315,17/554663,2021-12-17, , 
316,17/322664,2021-05-17, , 
317,17/307920,2021-05-04, , 
318,17/853352,2022-06-29, , 
319,17/816702,2022-08-01, , 
320,17/826546,2022-05-27, , 
321,17/742168,2022-05-11, , 
322,17/585343,2022-01-26,11499945,2022-11-15
323,17/408457,2021-08-22,11500468,2022-11-15
324,17/154380,2021-01-21,11501341,2022-11-15
325,17/023845,2020-09-17,11501426,2022-11-15
326,17/185558,2021-02-25,11501489,2022-11-15
327,17/444694,2021-08-09,11501749,2022-11-15
328,16/261931,2019-01-30,11503045,2022-11-15
329,16/254527,2019-01-22,11503422,2022-11-15
330,17/314367,2021-05-07, , 
331,17/722906,2022-04-18, , 
332,17/623538,2019-07-01, , 
333,17/485476,2021-09-26,11491395,2022-11-08
334,16/189116,2018-11-13,11493908,2022-11-08
335,16/450195,2019-06-24,11494252,2022-11-08
336,16/558639,2019-09-03,11494618,2022-11-08
337,16/937675,2020-07-24,11494951,2022-11-08
338,17/712812,2022-04-04,11496571,2022-11-08
339,17/724239,2022-04-19, , 
340,17/026342,2020-07-10, , 
341,17/703278,2022-03-24, , 
342,17/864985,2022-07-14, , 
343,17/660469,2022-04-25, , 
344,17/707868,2022-03-29, , 
345,17/245864,2021-04-30, , 
346,17/866537,2022-07-17, , 
347,17/865765,2022-07-15, , 
348,17/306086,2021-05-03, , 
349,17/749789,2022-05-20, , 
350,17/724454,2022-04-19, , 
351,16/784084,2020-02-06,11485377,2022-11-01
352,16/854736,2020-04-21,11486722,2022-11-01
353,16/264657,2019-01-31,11488176,2022-11-01
354,17/237282,2021-04-22, , 
355,17/760870,2020-09-02, , 
356,17/726416,2022-04-21, , 
357,17/699259,2022-03-21, , 
358,17/761732,2020-09-23, , 
359,17/864123,2022-07-13, , 
360,17/236949,2021-04-21, , 
361,17/765351,2019-11-26, , 
362,17/302144,2021-04-26, , 
363,17/764875,2020-09-22, , 
364,17/853359,2022-06-29, , 
365,17/240305,2021-04-26, , 
366,17/709147,2022-03-30,11480791,2022-10-25
367,16/824220,2020-03-19,11481023,2022-10-25
368,16/922945,2020-07-07,11481931,2022-10-25
369,17/713906,2022-04-05,11481963,2022-10-25
370,17/105463,2020-11-25,11481983,2022-10-25
371,17/086306,2020-10-30,11482002,2022-10-25
372,17/373559,2021-07-12,11483569,2022-10-25
373,17/235607,2021-04-20, , 
374,17/273221,2019-09-03, , 
375,17/657487,2022-03-31, , 
376,17/762837,2019-09-24, , 
377,17/224372,2021-04-07, , 
378,17/720149,2022-04-13, , 
379,17/723226,2022-04-18, , 
380,17/234899,2021-04-20, , 
381,17/230668,2021-04-14, , 
382,17/234510,2021-04-19, , 
383,17/301811,2021-04-15, , 
384,17/721947,2022-04-15, , 
385,17/414346,2019-06-12,11474603,2022-10-18
386,16/927886,2020-07-13,11475625,2022-10-18
387,16/920119,2020-07-02,11475634,2022-10-18
388,17/127022,2020-12-18,11475642,2022-10-18
389,17/711299,2022-04-01,11475650,2022-10-18
390,17/451370,2021-10-19,11475766,2022-10-18
391,16/680027,2019-11-11,11475781,2022-10-18
392,17/477230,2021-09-16,11477279,2022-10-18
393,17/332826,2021-05-27,11477600,2022-10-18
394,17/251092,2020-09-08, , 
395,17/716748,2022-04-08, , 
396,17/709611,2022-03-31, , 
397,17/845170,2022-06-21, , 
398,17/728047,2022-04-25, , 
399,17/228162,2021-04-12, , 
400,17/639200,2020-08-28, , 
401,17/716439,2022-04-08, , 
402,17/228191,2021-04-12, , 
403,16/774799,2020-01-28,11464581,2022-10-11
404,16/399999,2019-04-30,11467794,2022-10-11
405,16/007693,2018-06-13,11468215,2022-10-11
406,17/005032,2020-08-27,11468643,2022-10-11
407,17/846259,2022-06-22, , 
408,17/219615,2021-03-31, , 
409,17/223681,2021-04-06, , 
410,17/219540,2021-03-31, , 
411,17/568111,2022-01-04, , 
412,17/676944,2022-02-22, , 
413,17/477713,2021-09-17, , 
414,17/222723,2021-04-05, , 
415,17/683120,2022-02-28, , 
416,17/655785,2022-03-21, , 
417,17/711119,2022-04-01, , 
418,17/220738,2021-04-01, , 
419,16/399986,2019-04-30,11461408,2022-10-04
420,17/167846,2021-02-04,11461578,2022-10-04
421,17/222027,2021-04-05,11461960,2022-10-04
422,17/146589,2021-01-12,11461981,2022-10-04
423,17/159955,2021-01-27,11461986,2022-10-04
424,16/809964,2020-03-05,11462331,2022-10-04
425,17/459707,2021-08-27,11463322,2022-10-04
426,17/836095,2022-06-09, , 
427,17/683145,2022-02-28, , 
428,17/841780,2022-06-16, , 
429,17/212017,2021-03-25, , 
430,17/365425,2021-07-01, , 
431,17/212653,2021-03-25, , 
432,17/841879,2022-06-16, , 
433,16/960116,2019-01-14,11454947,2022-09-27
434,17/547285,2021-12-10,11455767,2022-09-27
435,17/833185,2022-06-06, , 
436,17/619735,2020-06-26, , 
437,17/638972,2020-09-04, , 
438,17/203607,2021-03-16, , 
439,17/832792,2022-06-06, , 
440,17/457408,2021-12-02, , 
441,17/655024,2022-03-16, , 
442,17/725293,2022-04-20,11446466,2022-09-20
443,17/674171,2022-02-17,11448389,2022-09-20
444,17/211425,2021-03-24,11449022,2022-09-20
445,16/941412,2020-07-28,11449131,2022-09-20
446,16/693621,2019-11-25,11449811,2022-09-20
447,17/734275,2022-05-02, , 
448,17/576663,2022-01-14, , 
449,17/459618,2021-08-27, , 
450,17/693232,2022-03-11, , 
451,17/804394,2022-05-27, , 
452,17/198813,2021-03-11, , 
453,16/936293,2020-07-22,11442538,2022-09-13
454,16/661513,2019-10-23,11444974,2022-09-13
455,16/911581,2020-06-25,11445339,2022-09-13
456,17/824080,2022-05-25, , 
457,17/700188,2022-03-21, , 
458,17/546905,2021-12-09, , 
459,17/650046,2022-02-04, , 
460,17/681119,2022-02-25, , 
461,17/685816,2022-03-03, , 
462,17/637736,2020-09-09, , 
463,17/685869,2022-03-03, , 
464,17/636055,2019-08-19, , 
465,17/653018,2022-03-01, , 
466,16/694080,2019-11-25,11433977,2022-09-06
467,16/903641,2020-06-17,11435402,2022-09-06
468,16/746517,2020-01-17,11436567,2022-09-06
469,16/880915,2020-05-21,11436757,2022-09-06
470,17/683339,2022-02-28, , 
471,17/632731,2020-08-06, , 
472,17/634598,2020-07-13, , 
473,17/187202,2021-02-26, , 
474,17/187663,2021-02-26, , 
475,17/744980,2022-05-16, , 
476,17/361339,2021-06-29, , 
477,17/188165,2021-03-01, , 
478,17/188275,2021-03-01, , 
479,16/918441,2020-07-01,11429340,2022-08-30
480,17/248018,2021-01-05,11430186,2022-08-30
481,16/907017,2020-06-19,11430196,2022-08-30
482,16/918492,2020-07-01,11432097,2022-08-30
483,17/669001,2022-02-10, , 
484,17/634648,2020-07-13, , 
485,17/597666,2020-06-09, , 
486,17/741610,2022-05-11, , 
487,17/679648,2022-02-24, , 
488,17/662970,2022-05-11, , 
489,17/740052,2022-05-09, , 
490,17/183493,2021-02-24, , 
491,17/662711,2022-05-10, , 
492,16/496678,2018-03-27,11423189,2022-08-23
493,17/530995,2021-11-19,11423200,2022-08-23
494,16/833790,2020-03-30,11423516,2022-08-23
495,16/782763,2020-02-05,11425163,2022-08-23
496,17/249022,2021-02-17, , 
497,17/174998,2021-02-12, , 
498,17/628824,2020-07-21, , 
499,17/182274,2021-02-23, , 
500,17/618601,2020-06-09, , 
501,17/650972,2022-02-14, , 
502,17/675496,2022-02-18, , 
503,17/671392,2022-02-14, , 
504,16/833080,2020-03-27,11416646,2022-08-16
505,17/181757,2021-02-22,11417071,2022-08-16
506,16/574620,2019-09-18,11417228,2022-08-16
507,16/853067,2020-04-20,11418533,2022-08-16
508,17/614208,2020-06-04, , 
509,17/592903,2022-02-04, , 
510,17/174137,2021-02-11, , 
511,17/711367,2022-04-01, , 
512,17/712677,2022-04-04, , 
513,17/576785,2022-01-14, , 
514,17/713372,2022-04-05, , 
515,17/708237,2022-03-30, , 
516,17/708956,2022-03-30, , 
517,17/711564,2022-04-01, , 
518,17/616153,2019-06-07, , 
519,17/712756,2022-04-04, , 
520,17/456176,2021-11-23, , 
521,17/711622,2022-04-01, , 
522,17/660620,2022-04-25, , 
523,17/708372,2022-03-30, , 
524,17/543561,2021-12-06, , 
525,17/171533,2021-02-09, , 
526,17/494656,2021-10-05, , 
527,17/658002,2022-04-05, , 
528,17/657790,2022-04-04, , 
529,17/727342,2022-04-22, , 
530,17/649914,2022-02-03, , 
531,16/776797,2020-01-30,11409249,2022-08-09
532,17/075906,2020-10-21,11409928,2022-08-09
533,17/163148,2021-01-29,11410403,2022-08-09
534,15/934489,2018-03-23,11411933,2022-08-09
535,17/322468,2021-05-17,11412310,2022-08-09
536,17/726716,2022-04-22, , 
537,17/613570,2020-06-12, , 
538,17/162691,2021-01-29, , 
539,17/167281,2021-02-04, , 
540,17/722130,2022-04-15, , 
541,17/166957,2021-02-03, , 
542,17/723303,2022-04-18, , 
543,17/657670,2022-04-01,11402871,2022-08-02
544,17/124737,2020-12-17,11403007,2022-08-02
545,17/545169,2021-12-08,11403442,2022-08-02
546,16/276108,2019-02-14,11403541,2022-08-02
547,16/941922,2020-07-29,11405285,2022-08-02
548,17/106805,2020-11-30,11405484,2022-08-02
549,17/091570,2020-11-06,11405626,2022-08-02
550,17/578964,2022-01-19, , 
551,17/578432,2022-01-18, , 
552,17/160424,2021-01-28, , 
553,17/159202,2021-01-27, , 
554,17/570542,2022-01-07, , 
555,17/570113,2022-01-06, , 
556,17/617758,2020-06-28, , 
557,17/678260,2022-02-23, , 
558,17/719830,2022-04-13, , 
559,17/611295,2019-09-17, , 
560,17/085030,2020-10-30,11395972,2022-07-26
561,16/566520,2019-09-10,11396100,2022-07-26
562,17/069556,2020-10-13,11397592,2022-07-26
563,17/188830,2021-03-01,11399198,2022-07-26
564,17/657988,2022-04-05, , 
565,17/362232,2021-06-29, , 
566,17/338521,2021-06-03, , 
567,17/359300,2021-06-25, , 
568,17/154181,2021-01-21, , 
569,17/579068,2022-01-19, , 
570,17/646474,2021-12-29, , 
571,17/575417,2022-01-13, , 
572,17/224969,2021-04-07,11391716,2022-07-19
573,17/075232,2020-10-20,11392198,2022-07-19
574,17/331345,2021-05-26,11392206,2022-07-19
575,16/156887,2018-10-10,11392559,2022-07-19
576,17/138732,2020-12-30,11393175,2022-07-19
577,16/572435,2019-09-16,11394612,2022-07-19
578,17/463603,2021-09-01, , 
579,17/500351,2021-10-13, , 
580,17/558340,2021-12-21, , 
581,17/149290,2021-01-14, , 
582,17/610135,2020-05-11, , 
583,17/149215,2021-01-14, , 
584,17/146535,2021-01-12, , 
585,16/785807,2020-02-10,11382699,2022-07-12
586,16/869706,2020-05-08,11382700,2022-07-12
587,16/902715,2020-06-16,11382713,2022-07-12
588,16/605956,2017-05-03,11385613,2022-07-12
589,16/482322,2018-02-19,11385629,2022-07-12
590,17/023724,2020-09-17,11385992,2022-07-12
591,17/124786,2020-12-17,11386579,2022-07-12
592,16/839727,2020-04-03,11386623,2022-07-12
593,17/142430,2021-01-06,11388612,2022-07-12
594,17/609204,2019-05-08, , 
595,17/700606,2022-03-22, , 
596,17/695325,2022-03-15, , 
597,17/563643,2021-12-28, , 
598,17/345388,2020-12-18, , 
599,17/608483,2020-05-10, , 
600,17/700365,2022-03-21, , 
601,17/143065,2021-01-06, , 
602,16/687900,2019-11-19,11378942,2022-07-05
603,16/789962,2020-02-13,11380145,2022-07-05
604,17/340782,2021-06-07,11381582,2022-07-05
605,17/478429,2021-09-17,11381743,2022-07-05
606,17/358263,2021-06-25,11381797,2022-07-05
607,17/566211,2021-12-30, , 
608,17/559319,2021-12-22, , 
609,17/525086,2021-11-12, , 
610,17/134898,2020-12-28, , 
611,17/133787,2020-12-24, , 
612,17/562398,2021-12-27, , 
613,17/029426,2020-09-23,11369088,2022-06-28
614,17/208790,2021-03-22,11370391,2022-06-28
615,17/102556,2020-11-24,11371947,2022-06-28
616,17/291746,2020-07-09,11371965,2022-06-28
617,17/585299,2022-01-26,11371966,2022-06-28
618,16/919983,2020-07-02,11372474,2022-06-28
619,17/203393,2021-03-16,11373377,2022-06-28
620,17/555938,2021-12-20, , 
621,17/605416,2020-04-20, , 
622,17/683162,2022-02-28, , 
623,17/683173,2022-02-28, , 
624,17/522699,2021-11-09, , 
625,17/683097,2022-02-28, , 
626,17/539390,2021-12-01, , 
627,17/544114,2021-12-07, , 
628,17/418797,2019-09-11, , 
629,17/505176,2021-10-19, , 
630,17/128263,2020-12-21, , 
631,17/125520,2020-12-17, , 
632,17/132129,2020-12-23, , 
633,17/124837,2020-12-17, , 
634,17/554860,2021-12-17, , 
635,17/546521,2021-12-09, , 
636,17/603453,2020-02-25, , 
637,16/657565,2019-10-18,11366846,2022-06-21
638,16/547095,2019-08-21,11366917,2022-06-21
639,17/117227,2020-12-10, , 
640,17/593040,2020-03-16, , 
641,17/683082,2022-02-28, , 
642,17/548350,2021-12-10, , 
643,17/548661,2021-12-13, , 
644,17/684873,2022-03-02, , 
645,17/556738,2021-12-20, , 
646,17/002613,2020-08-25,11360456,2022-06-14
647,17/504121,2021-10-18,11361123,2022-06-14
648,17/036119,2020-09-29,11361523,2022-06-14
649,16/887853,2020-05-29,11362825,2022-06-14
650,17/112321,2020-12-04, , 
651,17/598831,2020-03-27, , 
652,17/544339,2021-12-07, , 
653,17/676531,2022-02-21, , 
654,17/202354,2021-03-16,11350876,2022-06-07
655,16/392462,2019-04-23,11351447,2022-06-07
656,17/031509,2020-09-24,11351450,2022-06-07
657,15/817330,2017-11-20,11351732,2022-06-07
658,16/473134,2018-12-07,11352874,2022-06-07
659,16/706149,2019-12-06,11353945,2022-06-07
660,17/128489,2020-12-21,11353956,2022-06-07
661,16/657527,2019-10-18,11354012,2022-06-07
662,17/148770,2021-01-14,11354026,2022-06-07
663,16/918386,2020-07-01,11354085,2022-06-07
664,16/392421,2019-04-23,11354615,2022-06-07
665,16/646017,2018-07-17,11354816,2022-06-07
666,17/204396,2021-03-17,11354869,2022-06-07
667,17/249769,2021-03-12,11354899,2022-06-07
668,17/134664,2020-12-28,11356292,2022-06-07
669,16/951636,2020-11-18,11356796,2022-06-07
670,17/540076,2021-12-01, , 
671,17/109140,2020-12-01, , 
672,17/549741,2021-12-13, , 
673,17/109496,2020-12-02, , 
674,17/456938,2021-11-30, , 
675,17/108508,2020-12-01, , 
676,17/247168,2020-12-02, , 
677,17/437872,2019-03-18, , 
678,17/108700,2020-12-01, , 
679,17/544497,2021-12-07, , 
680,17/532942,2021-11-22, , 
681,17/106932,2020-11-30, , 
682,17/105728,2020-11-27, , 
683,17/104883,2020-11-25,11347371,2022-05-31
684,16/971637,2019-02-22,11348048,2022-05-31
685,16/392426,2019-04-23,11348120,2022-05-31
686,17/014202,2020-09-08,11348320,2022-05-31
687,16/797333,2020-02-21,11348373,2022-05-31
688,17/599100,2020-03-23, , 
689,17/537717,2021-11-30, , 
690,17/537735,2021-11-30, , 
691,17/594047,2020-05-04, , 
692,16/953330,2020-11-20, , 
693,17/103873,2020-11-24, , 
694,17/104201,2020-11-25, , 
695,17/463037,2021-08-31, , 
696,17/522035,2021-11-09, , 
697,17/650657,2022-02-10, , 
698,17/534563,2021-11-24, , 
699,16/993170,2020-08-13,11338729,2022-05-24
700,17/072722,2020-10-16,11340562,2022-05-24
701,17/256317,2019-06-29,11340697,2022-05-24
702,16/693545,2019-11-25,11341463,2022-05-24
703,16/917853,2020-06-30,11341697,2022-05-24
704,17/161165,2021-01-28,11343147,2022-05-24
705,16/436093,2019-06-10,11343266,2022-05-24
706,17/665731,2022-02-07, , 
707,17/150678,2021-01-15, , 
708,17/534745,2021-11-24, , 
709,17/523759,2021-11-10, , 
710,17/099991,2020-11-17, , 
711,17/477835,2021-09-17, , 
712,17/383313,2021-07-22,11334147,2022-05-17
713,15/809788,2017-11-10,11334854,2022-05-17
714,17/337741,2021-06-03,11335072,2022-05-17
715,17/385595,2021-07-26,11336732,2022-05-17
716,17/521683,2021-11-08, , 
717,17/434123,2019-02-27, , 
718,17/584710,2022-01-26, , 
719,17/522001,2021-11-09, , 
720,17/504324,2021-10-18, , 
721,17/453606,2021-11-04, , 
722,17/520914,2021-11-08, , 
723,17/372267,2021-07-09, , 
724,17/454140,2021-11-09, , 
725,16/833814,2020-03-30,11327313,2022-05-10
726,17/167764,2021-02-04,11327630,2022-05-10
727,16/552460,2019-08-27,11328156,2022-05-10
728,17/094955,2020-11-11,11328491,2022-05-10
729,17/519110,2021-11-04, , 
730,17/088776,2020-11-04, , 
731,17/429581,2019-12-10, , 
732,17/509065,2021-10-25, , 
733,17/083315,2020-10-29, , 
734,17/473946,2021-09-13, , 
735,17/409512,2021-08-23, , 
736,17/513726,2021-10-28, , 
737,17/434498,2019-02-28, , 
738,17/105464,2020-11-25, , 
739,17/337143,2021-06-02, , 
740,17/087528,2020-11-02, , 
741,17/435156,2020-02-28, , 
742,17/645586,2021-12-22, , 
743,17/087686,2020-11-03, , 
744,17/429904,2020-02-07, , 
745,17/165963,2021-02-03, , 
746,16/358688,2019-03-19,11318607,2022-05-03
747,16/679522,2019-11-11,11318616,2022-05-03
748,17/075222,2020-10-20,11320903,2022-05-03
749,17/037566,2020-09-29,11321905,2022-05-03
750,16/953591,2020-11-20,11321926,2022-05-03
751,16/031118,2018-07-10,11321965,2022-05-03
752,17/173933,2021-02-11,11323520,2022-05-03
753,17/167854,2021-02-04,11323544,2022-05-03
754,17/093525,2020-11-09,11323756,2022-05-03
755,17/500153,2021-10-13, , 
756,17/415016,2019-06-07, , 
757,17/082230,2020-10-28, , 
758,17/078717,2020-10-23, , 
759,17/567347,2022-01-03, , 
760,17/512376,2021-10-27, , 
761,17/509244,2021-10-25, , 
762,16/351641,2019-03-13,11314239,2022-04-26
763,17/022683,2020-09-16,11315201,2022-04-26
764,16/653351,2019-10-15,11315326,2022-04-26
765,16/951662,2020-11-18,11317236,2022-04-26
766,17/075224,2020-10-20, , 
767,17/075227,2020-10-20, , 
768,17/071176,2020-10-15, , 
769,17/071977,2020-10-15, , 
770,17/422399,2019-11-14, , 
771,17/474803,2021-09-14, , 
772,17/645596,2021-12-22, , 
773,17/224812,2021-04-07, , 
774,16/807296,2020-03-03,11304666,2022-04-19
775,16/870321,2020-05-08,11305195,2022-04-19
776,16/798429,2020-02-24,11305198,2022-04-19
777,16/916221,2020-06-30,11307651,2022-04-19
778,16/992719,2020-08-13,11307917,2022-04-19
779,17/500914,2021-10-13, , 
780,17/560787,2021-12-23, , 
781,17/431761,2019-06-12, , 
782,17/414996,2019-06-26, , 
783,17/510245,2021-10-25, , 
784,17/067830,2020-10-12, , 
785,17/450577,2021-10-12, , 
786,16/264665,2019-01-31,11301597,2022-04-12
787,16/945732,2020-07-31,11302083,2022-04-12
788,16/794483,2020-02-19,11303518,2022-04-12
789,17/310357,2019-02-04, , 
790,17/493440,2021-10-04, , 
791,17/484792,2021-09-24, , 
792,17/495428,2021-10-06, , 
793,17/495621,2021-10-06, , 
794,17/480423,2021-09-21, , 
795,17/495329,2021-10-06, , 
796,17/484525,2021-09-24, , 
797,17/041713,2019-03-27,11294454,2022-04-05
798,16/960252,2019-03-04,11294669,2022-04-05
799,17/060115,2020-10-01,11295483,2022-04-05
800,16/835591,2020-03-31,11295602,2022-04-05
801,16/389758,2019-04-19,11297103,2022-04-05
802,17/414356,2019-06-12, , 
803,17/351420,2021-06-18, , 
804,17/033115,2020-09-25, , 
805,17/481029,2021-09-21, , 
806,17/545855,2021-12-08, , 
807,17/481047,2021-09-21, , 
808,17/456370,2021-11-23, , 
809,17/353949,2021-06-22, , 
810,17/320119,2021-05-13, , 
811,17/546937,2021-12-09, , 
812,17/113062,2020-12-06,11285674,2022-03-29
813,16/428372,2019-05-31,11288863,2022-03-29
814,17/117974,2020-12-10,11290343,2022-03-29
815,17/029371,2020-09-23, , 
816,17/379522,2021-07-19, , 
817,17/466663,2021-09-03, , 
818,17/466683,2021-09-03, , 
819,17/029306,2020-09-23, , 
820,17/420851,2020-01-10, , 
821,17/029160,2020-09-23, , 
822,17/478771,2021-09-17, , 
823,17/478777,2021-09-17, , 
824,17/508994,2021-10-23, , 
825,17/309876,2019-12-27, , 
826,17/475172,2021-09-14, , 
827,17/476219,2021-09-15, , 
828,16/376831,2019-04-05,11278226,2022-03-22
829,17/075229,2020-10-20,11281291,2022-03-22
830,16/949933,2020-11-20,11282043,2022-03-22
831,17/221732,2021-04-02,11282278,2022-03-22
832,16/682379,2019-11-13,11282281,2022-03-22
833,16/684252,2019-11-14,11284234,2022-03-22
834,17/021563,2020-09-15, , 
835,17/022673,2020-09-16, , 
836,17/531911,2021-11-22, , 
837,17/537096,2021-11-29, , 
838,17/477536,2021-09-17, , 
839,17/477897,2021-09-17, , 
840,17/018446,2020-09-11, , 
841,17/023462,2020-09-17, , 
842,17/447480,2021-09-13, , 
843,17/475169,2021-09-14, , 
844,17/187736,2021-02-26, , 
845,17/456131,2021-11-22, , 
846,17/476313,2021-09-15, , 
847,17/470311,2021-09-09, , 
848,17/464391,2021-09-01, , 
849,16/723224,2019-12-20,11275348,2022-03-15
850,16/657487,2019-10-18,11275944,2022-03-15
851,17/063541,2020-10-05,11276177,2022-03-15
852,16/779466,2020-01-31,11276236,2022-03-15
853,17/529909,2021-11-18, , 
854,17/428891,2020-01-29, , 
855,17/014277,2020-09-08, , 
856,17/468923,2021-09-08, , 
857,17/446349,2021-08-30, , 
858,17/455695,2021-11-19, , 
859,17/014309,2020-09-08, , 
860,17/016545,2020-09-10, , 
861,17/010237,2020-09-02,11270515,2022-03-08
862,17/378277,2021-07-16,11272261,2022-03-08
863,17/243473,2021-04-28, , 
864,17/243470,2021-04-28, , 
865,17/009841,2020-09-02, , 
866,17/421122,2019-01-16, , 
867,17/446845,2021-09-03, , 
868,17/409636,2021-08-23, , 
869,17/410072,2021-08-24, , 
870,17/011413,2020-09-03, , 
871,17/488762,2021-09-29, , 
872,17/459608,2021-08-27, , 
873,17/465054,2021-09-02, , 
874,17/412197,2021-08-25, , 
875,17/005258,2020-08-27, , 
876,17/412537,2021-08-26, , 
877,16/787200,2020-02-11,11263337,2022-03-01
878,15/199797,2016-06-30,11263545,2022-03-01
879,16/245040,2019-01-10,11263737,2022-03-01
880,17/158186,2021-01-26,11265222,2022-03-01
881,17/520809,2021-11-08, , 
882,17/404373,2021-08-17, , 
883,16/999225,2020-08-21, , 
884,17/461351,2021-08-30, , 
885,17/407810,2021-08-20, , 
886,17/518485,2021-11-03, , 
887,17/466846,2021-09-03, , 
888,16/449130,2019-06-21,11256806,2022-02-22
889,16/805407,2020-02-28,11257468,2022-02-22
890,17/461425,2021-08-30, , 
891,17/461387,2021-08-30, , 
892,17/461311,2021-08-30, , 
893,17/514826,2021-10-29, , 
894,17/445166,2021-08-16, , 
895,17/393421,2021-08-04, , 
896,16/668425,2019-10-30,11250179,2022-02-15
897,17/320968,2021-05-14,11250637,2022-02-15
898,16/540370,2019-08-14,11252010,2022-02-15
899,16/374067,2019-04-03,11252169,2022-02-15
900,16/810071,2020-03-05,11252226,2022-02-15
901,17/393620,2021-08-04, , 
902,17/510774,2021-10-26, , 
903,17/449908,2021-10-04, , 
904,17/395118,2021-08-05, , 
905,17/461260,2021-08-30, , 
906,16/986735,2020-08-06, , 
907,17/509833,2021-10-25, , 
908,17/510224,2021-10-25, , 
909,16/861392,2020-04-29,11243507,2022-02-08
910,17/280216,2019-09-26, , 
911,17/460995,2021-08-30, , 
912,17/461173,2021-08-30, , 
913,17/414074,2020-01-06, , 
914,17/461074,2021-08-30, , 
915,17/461141,2021-08-30, , 
916,17/461213,2021-08-30, , 
917,17/461109,2021-08-30, , 
918,17/461037,2021-08-30, , 
919,16/942144,2020-07-29, , 
920,17/391802,2021-08-02, , 
921,17/090841,2020-11-05,11238664,2022-02-01
922,16/183843,2018-11-08,11240525,2022-02-01
923,17/033180,2020-09-25, , 
924,17/384077,2021-07-23, , 
925,17/496374,2021-10-07, , 
926,16/741617,2020-01-13,11231827,2022-01-25
927,16/736512,2020-01-07,11232580,2022-01-25
928,16/667754,2019-10-29,11232834,2022-01-25
929,16/691346,2019-11-21,11234160,2022-01-25
930,17/295586,2019-11-20, , 
931,17/375396,2021-07-14, , 
932,17/371759,2021-07-09, , 
933,17/086083,2020-10-30,11226598,2022-01-18
934,16/583988,2019-09-26,11228517,2022-01-18
935,16/590514,2019-10-02,11228606,2022-01-18
936,16/833393,2020-03-27,11228645,2022-01-18
937,17/295674,2019-12-04, , 
938,17/483832,2021-09-24, , 
939,17/482402,2021-09-22, , 
940,17/484996,2021-09-24, , 
941,16/926863,2020-07-13, , 
942,17/485366,2021-09-25, , 
943,17/448689,2021-09-23, , 
944,16/927467,2020-07-13,11222215,2022-01-11
945,16/554230,2019-08-28,11222472,2022-01-11
946,16/044848,2018-07-25,11223674,2022-01-11
947,16/687466,2019-11-18,11223920,2022-01-11
948,17/479120,2021-09-20, , 
949,17/477515,2021-09-16, , 
950,17/478201,2021-09-17, , 
951,16/052021,2018-08-01,11214380,2022-01-04
952,17/108976,2020-12-01,11216663,2022-01-04
953,16/566286,2019-09-10,11216928,2022-01-04
954,16/657509,2019-10-18,11217023,2022-01-04
955,17/175033,2021-02-12,11217033,2022-01-04
956,16/136993,2018-09-20,11218981,2022-01-04
957,16/764240,2019-05-15, , 
958,17/123160,2020-12-16, , 
959,17/370321,2021-07-08, , 
960,16/917764,2020-06-30, , 
961,17/350603,2021-06-17, , 
962,17/469244,2021-09-08, , 
963,16/915951,2020-06-29, , 
964,17/356700,2021-06-24, , 
965,16/563985,2019-09-09,11207133,2021-12-28
966,16/794496,2020-02-19,11207150,2021-12-28
967,16/491856,2018-03-08,11208876,2021-12-28
968,16/303495,2017-05-19,11209454,2021-12-28
969,16/453394,2019-06-26,11210479,2021-12-28
970,17/031970,2020-09-25,11210739,2021-12-28
971,17/352205,2021-06-18, , 
972,17/165483,2021-02-02, , 
973,16/904466,2020-06-17, , 
974,17/462483,2021-08-31, , 
975,16/433206,2019-06-06,11204602,2021-12-21
976,16/711221,2019-12-11,11204678,2021-12-21
977,16/685099,2019-11-15,11204838,2021-12-21
978,17/458209,2021-08-26, , 
979,16/902370,2020-06-16, , 
980,16/480076,2018-01-22,11199838,2021-12-14
981,17/071253,2020-10-15,11200045,2021-12-14
982,17/031315,2020-09-24,11200729,2021-12-14
983,17/131283,2020-12-22,11200754,2021-12-14
984,16/891870,2020-06-03, , 
985,16/894040,2020-06-05, , 
986,16/894058,2020-06-05, , 
987,17/208036,2021-03-22, , 
988,17/412421,2021-08-26, , 
989,17/339340,2021-06-04, , 
990,17/342249,2021-06-08, , 
991,16/555729,2019-08-29,11194445,2021-12-07
992,17/334473,2021-05-28, , 
993,17/334487,2021-05-28, , 
994,16/837927,2020-04-01, , 
995,16/886547,2020-05-28, , 
996,17/399686,2021-08-11, , 
997,17/337142,2021-06-02, , 
998,17/332828,2021-05-27, , 
999,17/202353,2021-03-16,11185283,2021-11-30
1000,17/164772,2021-02-01,11188800,2021-11-30
1001,16/694894,2019-11-25,11189100,2021-11-30
1002,16/859709,2020-04-27,11189106,2021-11-30
1003,17/332136,2021-05-27,11190266,2021-11-30
1004,17/115770,2020-12-08, , 
1005,17/394214,2021-08-04, , 
1006,17/397726,2021-08-09, , 
1007,15/809768,2017-11-10,11181898,2021-11-23
1008,16/528459,2019-07-31,11182576,2021-11-23
1009,16/861498,2020-04-29,11182750,2021-11-23
1010,16/400406,2019-05-01,11182965,2021-11-23
1011,17/332450,2021-05-27, , 
1012,17/332500,2021-05-27, , 
1013,17/391318,2021-08-02, , 
1014,17/333403,2021-05-28, , 
1015,17/333223,2021-05-28, , 
1016,17/333336,2021-05-28, , 
1017,17/333154,2021-05-28, , 
1018,17/333275,2021-05-28, , 
1019,17/333193,2021-05-28, , 
1020,16/405247,2019-05-07,11173391,2021-11-16
1021,16/456463,2019-06-28,11175976,2021-11-16
1022,16/839505,2020-04-03,11178247,2021-11-16
1023,17/283445,2019-10-03, , 
1024,17/241430,2021-04-27, , 
1025,16/808017,2020-03-03,11170222,2021-11-09
1026,16/166417,2018-10-22,11170314,2021-11-09
1027,15/984172,2018-05-18,11170881,2021-11-09
1028,16/861741,2020-04-29, , 
1029,17/379945,2021-07-19, , 
1030,17/373717,2021-07-12, , 
1031,16/723014,2019-12-20,11163540,2021-11-02
1032,17/151241,2021-01-18,11163921,2021-11-02
1033,16/669782,2019-10-31,11165583,2021-11-02
1034,16/856720,2020-04-23, , 
1035,17/239113,2021-04-23, , 
1036,17/239222,2021-04-23, , 
1037,17/238478,2021-04-23, , 
1038,17/238479,2021-04-23, , 
1039,17/015032,2020-09-08, , 
1040,17/239172,2021-04-23, , 
1041,16/678636,2019-11-08,11157132,2021-10-26
1042,16/775073,2020-01-28,11157247,2021-10-26
1043,16/683256,2019-11-13,11158045,2021-10-26
1044,16/386104,2019-04-16,11158413,2021-10-26
1045,16/144136,2018-09-27,11159540,2021-10-26
1046,16/449258,2019-06-21,11159645,2021-10-26
1047,17/232819,2021-04-16, , 
1048,17/187733,2021-02-26, , 
1049,17/187734,2021-02-26, , 
1050,17/134366,2020-12-26, , 
1051,17/224608,2021-04-07, , 
1052,17/184588,2021-02-24, , 
1053,17/363678,2021-06-30, , 
1054,17/134659,2020-12-28,11150617,2021-10-19
1055,17/105238,2020-11-25,11151799,2021-10-19
1056,16/868658,2020-05-07,11152702,2021-10-19
1057,16/951576,2020-11-18,11153084,2021-10-19
1058,16/869735,2020-05-08,11153555,2021-10-19
1059,17/228775,2021-04-13, , 
1060,17/182022,2021-02-22, , 
1061,17/198997,2021-03-11, , 
1062,16/847914,2020-04-14, , 
1063,17/228036,2021-04-12, , 
1064,17/218991,2021-03-31, , 
1065,16/876754,2020-05-18,11144117,2021-10-12
1066,16/435985,2019-06-10,11145012,2021-10-12
1067,15/965785,2018-04-27,11145123,2021-10-12
1068,16/552866,2019-08-27,11145128,2021-10-12
1069,16/138408,2018-09-21,11146579,2021-10-12
1070,17/218588,2021-03-31, , 
1071,17/061179,2020-10-01, , 
1072,16/551289,2019-08-26,11138797,2021-10-05
1073,16/863690,2020-04-30,11138803,2021-10-05
1074,16/422867,2019-05-24,11140019,2021-10-05
1075,16/918465,2020-07-01,11140503,2021-10-05
1076,17/072668,2020-10-16, , 
1077,17/206210,2021-03-19, , 
1078,16/236072,2018-12-28,11132479,2021-09-28
1079,16/441939,2019-06-14,11132551,2021-09-28
1080,16/565339,2019-09-09,11134380,2021-09-28
1081,17/145732,2021-01-11, , 
1082,17/162504,2021-01-29, , 
1083,16/711190,2019-12-11,11126320,2021-09-21
1084,16/572017,2019-09-16,11127214,2021-09-21
1085,16/231935,2018-12-24,11128739,2021-09-21
1086,16/762369,2019-04-29, , 
1087,16/915089,2020-06-29, , 
1088,17/197675,2021-03-10, , 
1089,16/915124,2020-06-29, , 
1090,17/334013,2021-05-28, , 
1091,17/202284,2021-03-15, , 
1092,15/941067,2018-03-30,11119454,2021-09-14
1093,17/083319,2020-10-29,11119570,2021-09-14
1094,16/752990,2020-01-27,11119799,2021-09-14
1095,16/597243,2019-10-09,11119882,2021-09-14
1096,16/142859,2018-09-26,11120012,2021-09-14
1097,16/232505,2018-12-26,11120904,2021-09-14
1098,16/807070,2020-03-02,11122148,2021-09-14
1099,17/190889,2021-03-03, , 
1100,17/207645,2021-03-20, , 
1101,17/329120,2021-05-24, , 
1102,16/950823,2020-11-17,11113893,2021-09-07
1103,17/189889,2021-03-02, , 
1104,17/186235,2021-02-26, , 
1105,16/941346,2020-07-28,11106328,2021-08-31
1106,16/383516,2019-04-12,11107209,2021-08-31
1107,16/549382,2019-08-23,11107224,2021-08-31
1108,16/942627,2020-07-29,11107290,2021-08-31
1109,16/688819,2019-11-19,11108587,2021-08-31
1110,16/934651,2020-07-21,11109177,2021-08-31
1111,17/079364,2020-10-23, , 
1112,15/603082,2017-05-23,11098724,2021-08-24
1113,16/996610,2020-08-18,11099396,2021-08-24
1114,15/941064,2018-03-30,11099531,2021-08-24
1115,16/794745,2020-02-19, , 
1116,17/252262,2019-06-14, , 
1117,16/893291,2020-06-04,11093051,2021-08-17
1118,16/790023,2020-02-13,11093209,2021-08-17
1119,17/037321,2020-09-29,11094140,2021-08-17
1120,16/783249,2020-02-06, , 
1121,17/245798,2021-04-30, , 
1122,17/155012,2021-01-21,11086306,2021-08-10
1123,16/689734,2019-11-20,11087551,2021-08-10
1124,16/720186,2019-12-19,11087890,2021-08-10
1125,17/097058,2020-11-13, , 
1126,17/095299,2020-11-11, , 
1127,16/861397,2020-04-29,11079748,2021-08-03
1128,16/552690,2019-08-27,11080933,2021-08-03
1129,16/831240,2020-03-26,11082796,2021-08-03
1130,17/139610,2020-12-31, , 
1131,17/229583,2021-04-13, , 
1132,16/820198,2020-03-16, , 
1133,16/776443,2020-01-29, , 
1134,16/724075,2019-12-20,11073976,2021-07-27
1135,17/202352,2021-03-16, , 
1136,16/989890,2020-08-11, , 
1137,17/162168,2021-01-29, , 
1138,16/744628,2020-01-16, , 
1139,17/220585,2021-04-01, , 
1140,17/156499,2021-01-22, , 
1141,17/205126,2021-03-18, , 
1142,15/809747,2017-11-10,11067592,2021-07-20
1143,17/156622,2021-01-24,11067970,2021-07-20
1144,16/747780,2020-01-21,11068046,2021-07-20
1145,16/196887,2018-11-20,11069056,2021-07-20
1146,16/549855,2019-08-23,11069143,2021-07-20
1147,16/482757,2018-02-01,11070624,2021-07-20
1148,17/121997,2020-12-15, , 
1149,17/213686,2021-03-26, , 
1150,16/661120,2019-10-23,11061537,2021-07-13
1151,16/552980,2019-08-27,11062519,2021-07-13
1152,16/234089,2018-12-27,11062678,2021-07-13
1153,15/729550,2017-10-10,11064363,2021-07-13
1154,17/269069,2018-08-23, , 
1155,17/204019,2021-03-17, , 
1156,16/413018,2019-05-15,11054807,2021-07-06
1157,16/779451,2020-01-31,11055925,2021-07-06
1158,17/132455,2020-12-23, , 
1159,17/134691,2020-12-28, , 
1160,17/135056,2020-12-28, , 
1161,17/134671,2020-12-28, , 
1162,17/249860,2021-03-16, , 
1163,17/135023,2020-12-28, , 
1164,17/134999,2020-12-28, , 
1165,17/134661,2020-12-28, , 
1166,17/134973,2020-12-28, , 
1167,17/204040,2021-03-17, , 
1168,17/204131,2021-03-17, , 
1169,17/204557,2021-03-17, , 
1170,17/205105,2021-03-18, , 
1171,15/853789,2017-12-23,11044844,2021-06-29
1172,16/177081,2018-10-31,11047691,2021-06-29
1173,15/662159,2017-07-27,11048329,2021-06-29
1174,16/050107,2018-07-31,11048464,2021-06-29
1175,16/528526,2019-07-31,11048760,2021-06-29
1176,16/528522,2019-07-31,11049315,2021-06-29
1177,16/773158,2020-01-27,11050803,2021-06-29
1178,17/035564,2020-09-28, , 
1179,17/121931,2020-12-15, , 
1180,16/820031,2020-03-16, , 
1181,16/797603,2020-02-21,11039974,2021-06-22
1182,15/666863,2017-08-02,11042512,2021-06-22
1183,16/587423,2019-09-30,11043035,2021-06-22
1184,16/878386,2020-05-19,11043040,2021-06-22
1185,16/165002,2018-10-19,11043122,2021-06-22
1186,16/716685,2019-12-17, , 
1187,17/112340,2020-12-04, , 
1188,17/112410,2020-12-04, , 
1189,16/717670,2019-12-17, , 
1190,16/895814,2020-06-08,11038709,2021-06-15
1191,16/103385,2018-08-14,11038950,2021-06-15
1192,16/529710,2019-08-01,11039149,2021-06-15
1193,16/781200,2020-02-04, , 
1194,17/111468,2020-12-03, , 
1195,16/786631,2020-02-10,11030460,2021-06-08
1196,15/789329,2017-10-20,11030808,2021-06-08
1197,16/818737,2020-03-13, , 
1198,16/704935,2019-12-05,11024059,2021-06-01
1199,16/427635,2019-05-31,11024322,2021-06-01
1200,17/104964,2020-11-25, , 
1201,16/693575,2019-11-25, , 
1202,17/105818,2020-11-27, , 
1203,17/094712,2020-11-10, , 
1204,17/167944,2021-02-04, , 
1205,16/663443,2019-10-25,11016574,2021-05-25
1206,16/723677,2019-12-20,11016998,2021-05-25
1207,16/773445,2020-01-27,11017611,2021-05-25
1208,16/567700,2019-09-11,11019449,2021-05-25
1209,17/098059,2020-11-13, , 
1210,16/684150,2019-11-14, , 
1211,16/689198,2019-11-20, , 
1212,17/048127,2019-08-19, , 
1213,16/414664,2019-05-16,11010921,2021-05-18
1214,16/679503,2019-11-11, , 
1215,16/735465,2020-01-06, , 
1216,17/094321,2020-11-10, , 
1217,16/842631,2020-04-07,11003342,2021-05-11
1218,16/201461,2018-11-27,11005870,2021-05-11
1219,16/992103,2020-08-13, , 
1220,17/072526,2020-10-16, , 
1221,17/086345,2020-10-31, , 
1222,17/112372,2020-12-04, , 
1223,17/112459,2020-12-04, , 
1224,17/112503,2020-12-04, , 
1225,17/075539,2020-10-20, , 
1226,16/992226,2020-08-13,10994216,2021-05-04
1227,16/146322,2018-09-28,10996210,2021-05-04
1228,17/007201,2020-08-31,10997802,2021-05-04
1229,15/750538,2016-06-27,10999293,2021-05-04
1230,16/819178,2020-03-16,10990087,2021-04-27
1231,16/132705,2018-09-17,10990668,2021-04-27
1232,16/681476,2019-11-12, , 
1233,16/803082,2020-02-27, , 
1234,17/252993,2019-05-17, , 
1235,16/803247,2020-02-27, , 
1236,17/069784,2020-10-13, , 
1237,16/464370,2017-09-21, , 
1238,16/536830,2019-08-09,10983344,2021-04-20
1239,16/377659,2019-04-08,10984240,2021-04-20
1240,17/066879,2020-10-09, , 
1241,17/069846,2020-10-13, , 
1242,16/813534,2020-03-09, , 
1243,17/060816,2020-10-01, , 
1244,16/671537,2019-11-01,10977153,2021-04-13
1245,16/601884,2019-10-15,10979842,2021-04-13
1246,17/061789,2020-10-02, , 
1247,17/062341,2020-10-02, , 
1248,17/064058,2020-10-06, , 
1249,16/596313,2019-10-08, , 
1250,17/037621,2020-09-29, , 
1251,16/593446,2019-10-04,10970936,2021-04-06
1252,17/117648,2020-12-10, , 
1253,16/587081,2019-09-30, , 
1254,17/117602,2020-12-10, , 
1255,16/633781,2018-05-15, , 
1256,16/575548,2019-09-19, , 
1257,17/027463,2020-09-21, , 
1258,16/581832,2019-09-25,10956690,2021-03-23
1259,15/910686,2018-03-02,10957451,2021-03-23
1260,17/022348,2020-09-16, , 
1261,16/497964,2017-09-26, , 
1262,16/832174,2020-03-27,10949672,2021-03-16
1263,16/554303,2019-08-28,10950058,2021-03-16
1264,16/456630,2019-06-28,10951713,2021-03-16
1265,15/815070,2017-11-16,10952032,2021-03-16
1266,16/772361,2018-12-05, , 
1267,16/566146,2019-09-10,10942566,2021-03-09
1268,16/773432,2020-01-27,10943407,2021-03-09
1269,16/195633,2018-11-19,10943410,2021-03-09
1270,16/609747,2018-05-03,10944635,2021-03-09
1271,16/999842,2020-08-21, , 
1272,16/588514,2019-09-30, , 
1273,16/557677,2019-08-30, , 
1274,16/557797,2019-08-30, , 
1275,16/209905,2018-12-04,10935964,2021-03-02
1276,16/136444,2018-09-20,10936051,2021-03-02
1277,16/256819,2019-01-24,10936055,2021-03-02
1278,16/379713,2019-04-09,10936057,2021-03-02
1279,16/538945,2019-08-13,10936874,2021-03-02
1280,16/033351,2018-07-12,10937199,2021-03-02
1281,16/116688,2018-08-29,10937243,2021-03-02
1282,16/234051,2018-12-27,10938656,2021-03-02
1283,15/812003,2017-11-14,10938950,2021-03-02
1284,16/552793,2019-08-27, , 
1285,16/549521,2019-08-23, , 
1286,17/045479,2019-03-05, , 
1287,15/756126,2015-09-21,10928808,2021-02-23
1288,16/209940,2018-12-04,10928809,2021-02-23
1289,16/246131,2019-01-11,10928899,2021-02-23
1290,16/206102,2018-11-30,10929118,2021-02-23
1291,16/774305,2020-01-28,10929529,2021-02-23
1292,16/100503,2018-08-10,10929894,2021-02-23
1293,16/256865,2019-01-24,10931972,2021-02-23
1294,16/993189,2020-08-13, , 
1295,16/993184,2020-08-13, , 
1296,16/986585,2020-08-06, , 
1297,16/989042,2020-08-10, , 
1298,17/089731,2020-11-05, , 
1299,16/993177,2020-08-13, , 
1300,15/849029,2017-12-20,10921765,2021-02-16
1301,16/534938,2019-08-07,10922826,2021-02-16
1302,16/280810,2019-02-20,10922831,2021-02-16
1303,16/399984,2019-04-30,10922892,2021-02-16
1304,16/534756,2019-08-07,10922893,2021-02-16
1305,16/475621,2017-12-26,10924943,2021-02-16
1306,16/820638,2020-03-16,10915096,2021-02-09
1307,16/569478,2019-09-12,10916845,2021-02-09
1308,16/966953,2018-03-26, , 
1309,16/967690,2019-02-04, , 
1310,16/525807,2019-07-30, , 
1311,16/051340,2018-07-31,10909772,2021-02-02
1312,16/090031,2017-03-28,10911482,2021-02-02
1313,17/034944,2020-09-28, , 
1314,16/993167,2020-08-13, , 
1315,16/101692,2018-08-13,10901606,2021-01-26
1316,15/382812,2016-12-19,10902381,2021-01-26
1317,16/636680,2019-07-31, , 
1318,16/955977,2017-12-20, , 
1319,16/594139,2019-10-07,10893844,2021-01-19
1320,16/684504,2019-11-14,10897083,2021-01-19
1321,17/033496,2020-09-25, , 
1322,16/924462,2020-07-09, , 
1323,16/868063,2020-05-06,10891785,2021-01-12
1324,16/619313,2018-06-05,10891798,2021-01-12
1325,17/026995,2020-09-21, , 
1326,17/027070,2020-09-21, , 
1327,16/918754,2020-07-01, , 
1328,16/918297,2020-07-01, , 
1329,15/994595,2018-05-31,10884246,2021-01-05
1330,16/539623,2019-08-13,10884710,2021-01-05
1331,15/416569,2017-01-26,10877470,2020-12-29
1332,16/906413,2020-06-19, , 
1333,17/011778,2020-09-03, , 
1334,16/900249,2020-06-12, , 
1335,16/905701,2020-06-18, , 
1336,16/903312,2020-06-16, , 
1337,16/441893,2019-06-14,10870412,2020-12-22
1338,15/958993,2018-04-20,10872153,2020-12-22
1339,15/026690,2014-10-10,10872187,2020-12-22
1340,16/438407,2019-06-11, , 
1341,16/901147,2020-06-15, , 
1342,16/901220,2020-06-15, , 
1343,16/947555,2020-08-06, , 
1344,16/901168,2020-06-15, , 
1345,16/560596,2019-09-04, , 
1346,17/002221,2020-08-25, , 
1347,16/371694,2019-04-01,10860011,2020-12-08
1348,15/958750,2018-04-20,10862919,2020-12-08
1349,16/995690,2020-08-17, , 
1350,16/816752,2020-03-12, , 
1351,16/008727,2018-06-14,10852138,2020-12-01
1352,15/434069,2017-02-16,10852712,2020-12-01
1353,16/513981,2019-07-17,10852828,2020-12-01
1354,16/033307,2018-07-12,10853647,2020-12-01
1355,16/113007,2018-08-27,10853649,2020-12-01
1356,16/723600,2019-12-20,10854194,2020-12-01
1357,16/526244,2019-07-30,10846661,2020-11-24
1358,16/833722,2020-03-30,10846901,2020-11-24
1359,16/779658,2020-02-02,10846911,2020-11-24
1360,16/100985,2018-08-10,10847038,2020-11-24
1361,15/884579,2018-01-31,10848545,2020-11-24
1362,16/947535,2020-08-05, , 
1363,16/271714,2019-02-08,10838600,2020-11-17
1364,16/113583,2018-08-27,10838717,2020-11-17
1365,16/232465,2018-12-26,10838797,2020-11-17
1366,16/880893,2020-05-21,10839615,2020-11-17
1367,16/521574,2019-07-24,10839621,2020-11-17
1368,16/869388,2020-05-07, , 
1369,16/868050,2020-05-06, , 
1370,16/960664,2019-01-11, , 
1371,15/709259,2017-09-19,10831890,2020-11-10
1372,16/233194,2018-12-27,10834445,2020-11-10
1373,16/376857,2019-04-05,10825237,2020-11-03
1374,16/108742,2018-08-22,10826932,2020-11-03
1375,16/396805,2019-04-29, , 
1376,16/258188,2019-01-25,10816341,2020-10-27
1377,16/258252,2019-01-25,10817050,2020-10-27
1378,15/819516,2017-11-21,10810683,2020-10-20
1379,16/558279,2019-09-02,10812992,2020-10-20
1380,16/091319,2017-04-05, , 
1381,16/380339,2019-04-10, , 
1382,16/380363,2019-04-10, , 
1383,15/878463,2018-01-24,10795457,2020-10-06
1384,16/456525,2019-06-28,10798175,2020-10-06
1385,16/902003,2020-06-15, , 
1386,16/754732,2018-10-23, , 
1387,15/994840,2018-05-31,10789764,2020-09-29
1388,16/819847,2020-03-16, , 
1389,16/825396,2020-03-20, , 
1390,16/358035,2019-03-19, , 
1391,15/918081,2018-03-12,10782668,2020-09-22
1392,16/273731,2019-02-12,10782858,2020-09-22
1393,16/261058,2019-01-29,10783714,2020-09-22
1394,16/886975,2020-05-29, , 
1395,16/886999,2020-05-29, , 
1396,16/761195,2018-10-23, , 
1397,16/761201,2018-10-23, , 
1398,16/761211,2018-10-23, , 
1399,16/879758,2020-05-21,10776989,2020-09-15
1400,16/152034,2018-10-04,10778727,2020-09-15
1401,16/635694,2018-08-07, , 
1402,16/812027,2020-03-06, , 
1403,16/812089,2020-03-06, , 
1404,16/818505,2020-03-13, , 
1405,16/284766,2019-02-25,10767997,2020-09-08
1406,15/454144,2017-03-09,10771495,2020-09-08
1407,16/153266,2018-10-05,10761516,2020-09-01
1408,16/217991,2018-12-12,10761694,2020-09-01
1409,15/052992,2016-02-25,10762475,2020-09-01
1410,16/398988,2019-04-30,10762584,2020-09-01
1411,16/152201,2018-10-04,10762678,2020-09-01
1412,16/129365,2018-09-12,10764149,2020-09-01
1413,16/285771,2019-02-26, , 
1414,15/931311,2020-05-13, , 
1415,15/831549,2017-12-05,10752269,2020-08-25
1416,16/599958,2019-10-11,10757528,2020-08-25
1417,16/869638,2020-05-08, , 
1418,15/991650,2018-05-29,10746015,2020-08-18
1419,16/155274,2018-10-09,10746538,2020-08-18
1420,16/129532,2018-09-12,10740918,2020-08-11
1421,15/631963,2017-06-23,10740973,2020-08-11
1422,16/783974,2020-02-06, , 
1423,16/741554,2020-01-13, , 
1424,16/173640,2018-10-29,10718200,2020-07-21
1425,15/823130,2017-11-27,10719092,2020-07-21
1426,16/741470,2020-01-13, , 
1427,16/263934,2019-01-31, , 
1428,16/009623,2018-06-15,10706629,2020-07-07
1429,16/775150,2020-01-28,10707578,2020-07-07
1430,16/726686,2019-12-24, , 
1431,16/724891,2019-12-23, , 
1432,16/704641,2019-12-05, , 
1433,16/051335,2018-07-31,10692299,2020-06-23
1434,16/361141,2019-03-21,10685481,2020-06-16
1435,14/801826,2015-07-17,10685488,2020-06-16
1436,15/829558,2017-12-01,10686687,2020-06-16
1437,16/213104,2018-12-07, , 
1438,16/704495,2019-12-05, , 
1439,16/169061,2018-10-24,10679401,2020-06-09
1440,16/697619,2019-11-27, , 
1441,16/701816,2019-12-03, , 
1442,16/266274,2019-02-04,10665032,2020-05-26
1443,16/666944,2019-10-29,10665037,2020-05-26
1444,16/673738,2019-11-04, , 
1445,16/311019,2018-11-27, , 
1446,16/008982,2018-06-14,10642369,2020-05-05
1447,16/701969,2019-12-03,10643366,2020-05-05
1448,16/105149,2018-08-20,10643548,2020-05-05
1449,16/427625,2019-05-31,10645522,2020-05-05
1450,16/684135,2019-11-14, , 
1451,16/175306,2018-10-30, , 
1452,16/493452,2018-03-16, , 
1453,16/726116,2019-12-23, , 
1454,16/289623,2019-02-28,10634912,2020-04-28
1455,16/578331,2019-09-21,10637142,2020-04-28
1456,16/723301,2019-12-20, , 
1457,16/165333,2018-10-19, , 
1458,16/135800,2018-09-19,10628964,2020-04-21
1459,16/008888,2018-06-14,10630810,2020-04-21
1460,16/160059,2018-10-15, , 
1461,15/936870,2018-03-27,10620612,2020-04-14
1462,16/583465,2019-09-26, , 
1463,16/577516,2019-09-20, , 
1464,16/703089,2019-12-04, , 
1465,16/009057,2018-06-14,10606364,2020-03-31
1466,16/662676,2019-10-24,10607084,2020-03-31
1467,16/073052,2017-02-08,10609622,2020-03-31
1468,16/577207,2019-09-20, , 
1469,16/311033,2018-11-02, , 
1470,16/136257,2018-09-20, , 
1471,16/141938,2018-09-25, , 
1472,16/554424,2019-08-28, , 
1473,16/105083,2018-08-20,10599381,2020-03-24
1474,16/470666,2017-01-16, , 
1475,16/009087,2018-06-14,10592002,2020-03-17
1476,16/113595,2018-08-27,10592397,2020-03-17
1477,16/125379,2018-09-07, , 
1478,16/557342,2019-08-30, , 
1479,16/551781,2019-08-27, , 
1480,16/009029,2018-06-14,10579153,2020-03-03
1481,15/833693,2017-12-06,10581893,2020-03-03
1482,16/105128,2018-08-20,10581940,2020-03-03
1483,15/709176,2017-09-19,10572659,2020-02-25
1484,16/054975,2018-08-03,10573081,2020-02-25
1485,15/805272,2017-11-07,10564993,2020-02-18
1486,16/270909,2019-02-08,10555689,2020-02-11
1487,16/545930,2019-08-20, , 
1488,16/552910,2019-08-27, , 
1489,16/287383,2019-02-27,10539644,2020-01-21
1490,16/243924,2019-01-09,10540812,2020-01-21
1491,16/508512,2019-07-11, , 
1492,16/552879,2019-08-27, , 
1493,16/216531,2018-12-11,10535172,2020-01-14
1494,15/634828,2017-06-27,10536273,2020-01-14
1495,16/554390,2019-08-28, , 
1496,15/718750,2017-09-28,10524760,2020-01-07
1497,15/620428,2017-06-12,10530696,2020-01-07
1498,16/557960,2019-08-30, , 
1499,16/448652,2019-06-21, , 
1500,16/008831,2018-06-14,10521964,2019-12-31
1501,15/830338,2017-12-04,10522854,2019-12-31
1502,16/552650,2019-08-27, , 
1503,15/631871,2017-06-23,10514757,2019-12-24
1504,16/218473,2018-12-12,10516959,2019-12-24
1505,16/554438,2019-08-28, , 
1506,16/554445,2019-08-28, , 
1507,16/554379,2019-08-28, , 
1508,16/552847,2019-08-27, , 
1509,16/552662,2019-08-27, , 
1510,16/556098,2019-08-29, , 
1511,16/554412,2019-08-28, , 
1512,16/549815,2019-08-23, , 
1513,16/554276,2019-08-28, , 
1514,16/545582,2019-08-20, , 
1515,16/549282,2019-08-23, , 
1516,15/385438,2016-12-20,10503162,2019-12-10
1517,16/545603,2019-08-20, , 
1518,16/477241,2018-01-23, , 
1519,16/429024,2019-06-02, , 
1520,16/392414,2019-04-23, , 
1521,15/984204,2018-05-18, , 
1522,16/197064,2018-11-20,10482677,2019-11-19
1523,16/126289,2018-09-10,10484811,2019-11-19
1524,16/105167,2018-08-20,10475415,2019-11-12
1525,16/450123,2019-06-24, , 
1526,15/782252,2017-10-12,10469968,2019-11-05
1527,15/303340,2015-04-13,10452366,2019-10-22
1528,15/604376,2017-05-24,10454691,2019-10-22
1529,15/952654,2018-04-13, , 
1530,16/392404,2019-04-23, , 
1531,16/104730,2018-08-17,10446119,2019-10-15
1532,15/485982,2017-04-12,10447606,2019-10-15
1533,15/946638,2018-04-05, , 
1534,15/146398,2016-05-04,10431005,2019-10-01
1535,15/928053,2018-03-21, , 
1536,15/928049,2018-03-21, , 
1537,15/925070,2018-03-19, , 
1538,15/284571,2016-10-04,10416614,2019-09-17
1539,15/618019,2017-06-08,10417425,2019-09-17
1540,15/721243,2017-09-29,10409706,2019-09-10
1541,16/387170,2019-04-17,10410182,2019-09-10
1542,16/290461,2019-03-01, , 
1543,15/243417,2016-08-22,10404569,2019-09-03
1544,15/908768,2018-02-28, , 
1545,15/902027,2018-02-22, , 
1546,15/902160,2018-02-22, , 
1547,15/642691,2017-07-06,10369323,2019-08-06
1548,15/883895,2018-01-30, , 
1549,16/018649,2018-06-26, , 
1550,15/321317,2015-06-24,10316566,2019-06-11
1551,15/070163,2016-03-15,10319051,2019-06-11
1552,15/791058,2017-10-23,10320827,2019-06-11
1553,15/978832,2018-05-14, , 
1554,15/655762,2017-07-20,10304239,2019-05-28
1555,15/820730,2017-11-22, , 
1556,16/190822,2018-11-14, , 
1557,15/809774,2017-11-10, , 
1558,16/151133,2018-10-03, , 
1559,15/805350,2017-11-07, , 
1560,16/184850,2018-11-08, , 
1561,15/805201,2017-11-07, , 
1562,16/169076,2018-10-24, , 
1563,15/264028,2016-09-13,10262143,2019-04-16
1564,16/149738,2018-10-02, , 
1565,16/018232,2018-06-26, , 
1566,15/862044,2018-01-04,10242193,2019-03-26
1567,13/075572,2011-03-30,10244500,2019-03-26
1568,15/711786,2017-09-21, , 
1569,16/037660,2018-07-17,10198843,2019-02-05
1570,15/918787,2018-03-12, , 
1571,15/263045,2016-09-12,10185833,2019-01-22
1572,15/635761,2017-06-28, , 
1573,15/635805,2017-06-28, , 
1574,16/025271,2018-07-02, , 
1575,15/139161,2016-04-26,10169612,2019-01-01
1576,15/429900,2017-02-10,10148686,2018-12-04
1577,15/087416,2016-03-31,10139376,2018-11-27
1578,14/961216,2015-12-07,10142375,2018-11-27
1579,15/439102,2017-02-22,10129022,2018-11-13
1580,15/810358,2017-11-13,10119810,2018-11-06
1581,15/957247,2018-04-19, , 
1582,14/160337,2014-01-21,10087910,2018-10-02
1583,15/933379,2018-03-23, , 
1584,15/349120,2016-11-11,10061635,2018-08-28
1585,15/435812,2017-02-17, , 
1586,15/945670,2018-04-04, , 
1587,15/379635,2016-12-15,10044420,2018-08-07
1588,15/863663,2018-01-05, , 
1589,15/324551,2014-07-07, , 
1590,15/882541,2018-01-29, , 
1591,14/964677,2015-12-10,9995278,2018-06-12
1592,15/813107,2017-11-14, , 
1593,15/570403,2016-05-06, , 
1594,14/744595,2015-06-19,9947139,2018-04-17
1595,14/317321,2014-06-27,9942245,2018-04-10
1596,14/660278,2015-03-17,9942262,2018-04-10
1597,14/984219,2015-12-30,9933957,2018-04-03
1598,15/267292,2016-09-16, , 
1599,15/695774,2017-09-05, , 
1600,15/397273,2017-01-03,9910980,2018-03-06
1601,15/431810,2017-02-14,9912548,2018-03-06
1602,15/584404,2017-05-02,9897127,2018-02-20
1603,15/556136,2016-03-04, , 
1604,15/226374,2016-08-02, , 
1605,15/438866,2017-02-22,9881430,2018-01-30
1606,15/207449,2016-07-11, , 
1607,15/540453,2015-04-22, , 
1608,14/428566,2014-09-17,9838264,2017-12-05
1609,13/508462,2010-11-08,9814003,2017-11-07
1610,15/087217,2016-03-31, , 
1611,14/454301,2014-08-07,9778628,2017-10-03
1612,15/326391,2015-07-14, , 
1613,15/188932,2016-06-21,9671777,2017-06-06
1614,14/883876,2015-10-15,9652213,2017-05-16
1615,14/663794,2015-03-20,9575797,2017-02-21
1616,15/152702,2016-05-12,9569615,2017-02-14
1617,13/941845,2013-07-15,9542509,2017-01-10
1618,15/134398,2016-04-21, , 
1619,14/047879,2013-10-07, , 
1620,14/433907,2013-02-19,9471789,2016-10-18
1621,15/034979,2014-11-06, , 
1622,14/327923,2014-07-10,9417904,2016-08-16
1623,14/917111,2013-11-14, , 
1624,14/211909,2014-03-14,9367683,2016-06-14
1625,14/606046,2015-01-27, , 
1626,13/837440,2013-03-15,9106413,2015-08-11
1627,13/993094,2010-12-16,9087181,2015-07-21
1628,13/563286,2012-07-31,9084281,2015-07-14
1629,14/590874,2015-01-06, , 
1630,13/878775,2010-10-15,8971872,2015-03-03
1631,13/553656,2012-07-19,8972988,2015-03-03
1632,13/951925,2013-07-26, , 
1633,14/252495,2014-04-14, , 
1634,13/887280,2013-05-04, , 
1635,14/323189,2014-07-03, , 
1636,13/469957,2012-05-11,8831926,2014-09-09
1637,12/954092,2010-11-24,8832165,2014-09-09
1638,13/599188,2012-08-30,8825974,2014-09-02
1639,14/177020,2014-02-10, , 
1640,13/106348,2011-05-12,8712744,2014-04-29
1641,13/067444,2011-06-01,8620005,2013-12-31
1642,13/974919,2013-08-23, , 
1643,13/826687,2013-03-14, , 
1644,12/809285,2008-12-10,8468522,2013-06-18
1645,12/163920,2008-06-27,8381123,2013-02-19
1646,12/578855,2009-10-14,8374840,2013-02-12
1647,13/043751,2011-03-09, , 
1648,12/915702,2010-10-29, , 
1649,12/804159,2010-07-15, , 
1650,13/026731,2011-02-14, , 
1651,12/708651,2010-02-19, , 
1652,11/941008,2007-11-15, , 
1653,10/299460,2002-11-19,7281248,2007-10-09
1654,10/874253,2004-06-24,7043381,2006-05-09
1655,10/247822,2002-09-20, , 
1656,08/117337,1993-09-03,6067607,2000-05-23
1657,08/649775,1996-05-15,5694599,1997-12-02
1658,05/774172,1977-03-03,4184151,1980-01-15
